SAMPLE,start,end,CONSEQUENCE,depthALT,depthREF,REF,varAllele,REFCODON,VARCODON,SGK1_status
SRR8513300,134174586,134174586,nonsynonymous,108,152,C,G,GCT,GGT,Exon Mutant
SRR8513303,134174587,134174587,nonsynonymous,12,4,C,A,GCT,ACT,Intron Mutant
SRR8513311,134174587,134174587,nonsynonymous,64,2,C,A,GCT,ACT,Intron Mutant
SRR8513346,134174586,134174586,nonsynonymous,54,161,C,G,GCT,GGT,Exon Mutant
SRR8513365,134174586,134174586,nonsynonymous,127,22,C,G,GCT,GGT,Exon Mutant
SRR8513390,134174587,134174587,nonsynonymous,49,3,C,A,GCT,ACT,Intron Mutant
SRR8513401,134174587,134174587,nonsynonymous,49,17,G,C,GCT,CCT,Intron Mutant
SRR8513416,134174586,134174586,nonsynonymous,28,151,G,T,GCT,GTT,Exon Mutant
SRR8513422,134174587,134174587,nonsynonymous,70,9,C,A,GCT,ACT,Intron Mutant
SRR8513537,134174587,134174587,nonsynonymous,12,6,C,A,GCT,ACT,Intron Mutant
SRR8513014,134174587,134174587,nonsynonymous,279,9,C,A,GCT,ACT,Intron Mutant
SRR8513058,134174587,134174587,nonsynonymous,40,43,C,A,GCT,ACT,Intron Mutant
SRR8513075,134174586,134174586,nonsynonymous,23,124,G,T,GCT,GTT,Exon Mutant
SRR8513080,134174587,134174587,nonsynonymous,19,3,G,C,GCT,CCT,Intron Mutant
SRR8513094,134174586,134174586,nonsynonymous,20,67,G,T,GCT,GTT,Exon Mutant
SRR8513097,134174587,134174587,nonsynonymous,30,15,G,C,GCT,CCT,Intron Mutant
SRR8513248,134174586,134174586,nonsynonymous,41,91,C,G,GCT,GGT,Exon Mutant
